epoch,acc,loss,lr,val_acc,val_loss,val_macc,val_sensitivity,val_specificity
0,0.85364642187998696,0.30253436245090171,0.0010871400591,0.68473511761749206,0.56181776601717426,0.66617526989,0.695364238411,0.63698630137
1,0.8863915759252271,0.25625223662738045,0.00123151380103,0.69756963427505614,0.55384503074645475,0.682391363513,0.748344370861,0.616438356164
2,0.89638772647594667,0.23869211930441181,0.00126944447402,0.71682140926140248,0.51922889655239268,0.682164565,0.761589403974,0.602739726027
