epoch,acc,loss,lr,val_acc,val_loss,val_macc,val_sensitivity,val_specificity
0,0.85424863318783961,0.3014069608519801,0.000948042434175,0.77964684989008703,0.49067209109706,0.75730994152,0.614035087719,0.900584795322
1,0.88697562720351542,0.24881815834504925,0.000961163023021,0.81955908477873085,0.43143443594331615,0.845029239766,0.812865497076,0.877192982456
2,0.89595575086194923,0.23154862095238721,0.000895476958249,0.85518754576705069,0.39066962088964136,0.891812865497,0.853801169591,0.929824561404
3,0.90148689387663405,0.22358708728298413,0.000823063426651,0.84630655108941988,0.38616920188232817,0.874269005848,0.842105263158,0.906432748538
4,0.9034157682315469,0.2169398992886718,0.000757663685363,0.85623236864465813,0.36996095973101917,0.880116959064,0.830409356725,0.929824561404
