epoch,acc,loss,lr,val_acc,val_loss,val_macc,val_sensitivity,val_specificity
0,0.85302232896219965,0.30138178473598026,0.00107945024502,0.75989969701692739,0.50638290411463704,0.745614035088,0.590643274854,0.900584795322
1,0.88362883858770636,0.25315709660082614,0.00122760329396,0.81987253168685204,0.44315338477596644,0.83918128655,0.777777777778,0.900584795322
2,0.89158704205506134,0.23672993770715778,0.00126780639403,0.84160484805922686,0.40767500692868158,0.874269005848,0.859649122807,0.888888888889
3,0.89693934903988581,0.22900939139629214,0.00127933570184,0.8451572458904224,0.41388970857914081,0.865497076023,0.795321637427,0.93567251462
