epoch,acc,loss,lr,val_acc,val_loss,val_macc,val_sensitivity,val_specificity
0,0.85308619897395177,0.30220352795985217,0.0010747096967,0.78999059664992599,0.48002159848331272,0.780701754386,0.654970760234,0.906432748538
1,0.88264524040672421,0.25501467064377065,0.0012168684043,0.81955908482855189,0.45028119089834845,0.83918128655,0.777777777778,0.900584795322
