epoch,acc,loss,lr,val_acc,val_loss,val_macc,val_sensitivity,val_specificity
0,0.85123396863314138,0.30197784113662257,0.0010747096967,0.72855500995072808,0.52739400450942431,0.719298245614,0.508771929825,0.929824561404
1,0.88482959481473655,0.25205872694446219,0.0012168684043,0.82049942540967991,0.43103259745504574,0.842105263158,0.801169590643,0.883040935673
2,0.89486996065911828,0.23363269843356402,0.00125124992337,0.86699404458418716,0.36815418166160685,0.900584795322,0.894736842105,0.906432748538
3,0.90010730162583463,0.2260096914471216,0.00125715718605,0.85059032500842657,0.38282718459848153,0.883040935673,0.842105263158,0.923976608187
4,0.9030197741556385,0.22026014665298643,0.00125498580746,0.84923205517910449,0.38633844568093934,0.87134502924,0.818713450292,0.923976608187
