epoch,acc,loss,lr,val_acc,val_loss,val_macc,val_sensitivity,val_specificity
0,0.85650017303110193,0.29700571901590056,0.00094762921799,0.79021761259558432,0.48638248441179083,0.77485380117,0.649122807018,0.900584795322
