epoch,acc,loss,lr,val_acc,val_loss,val_macc,val_sensitivity,val_specificity
0,0.82074242501660621,2.8862922944847647,4.55459785461,0.46358792185970216,8.6459410864596684,0.5,0.0,1.0
1,0.82083184303610468,2.8878494626408209,5.17989873886,0.46358792185970216,8.6459410864596684,0.5,0.0,1.0
2,0.82083184303915024,2.8878494666609593,5.34973096848,0.46358792185970216,8.6459410864596684,0.5,0.0,1.0
3,0.82083184303610468,2.8878494617149708,5.39857625961,0.46358792185970216,8.6459410864596684,0.5,0.0,1.0
4,0.82083184303305912,2.8878494680984637,5.41280031204,0.46358792185970216,8.6459410864596684,0.5,0.0,1.0
5,0.82083184303305912,2.8878494654183711,5.41692590714,0.46358792185970216,8.6459410864596684,0.5,0.0,1.0
