epoch,acc,loss,lr,val_acc,val_loss,val_macc,val_sensitivity,val_specificity
0,0.8526263348893367,0.302828934202586,0.000748787948396,0.76115348457156673,0.4986792571049426,0.739766081871,0.561403508772,0.918128654971
1,0.88429308671601903,0.25364770923575225,0.000651888083667,0.82749973889391648,0.4376685211600187,0.865497076023,0.818713450292,0.912280701754
2,0.89281334627765574,0.23614501614534925,0.000545372487977,0.8441124230314978,0.39973137431876588,0.880116959064,0.859649122807,0.900584795322
3,0.89788462521686219,0.22655073322812963,0.00046250023297,0.84223174181942062,0.39570275739048633,0.883040935673,0.830409356725,0.93567251462
4,0.90247049205457053,0.21951864095139495,0.000399887096137,0.85957580195139871,0.36707421914622673,0.888888888889,0.830409356725,0.947368421053
