epoch,acc,loss,lr,val_acc,val_loss,val_macc,val_sensitivity,val_specificity
0,0.84286281898539628,4.0411755586648033,8.39775675558e-05,0.77760829789405284,3.2161355369673381,0.766081871345,0.701754385965,0.830409356725
1,0.87837889798900293,2.364112484250521,9.55502546276e-05,0.8444173276569874,2.0300573799361392,0.818713450292,0.842105263158,0.795321637427
